Report_Date,Report_Month,Year,Brand,Country,Model,New_Registrations_Total,Diesel,Hybrid_Total,Hybrid_Without_Plug_In,Plug_In_Hybrid,Electric_BEV,All_Wheel_Drive,Convertible,Hybrid_Petrol,Hybrid_Diesel,Hybrid_Petrol_Without_Plug_In,Hybrid_Diesel_Without_Plug_In,Plug_In_Hybrid_Petrol,Plug_In_Hybrid_Diesel
01-08-2026,August,2026,BMW,Germany,BMW 1er,1053,40,853,853,0,0,141,0,765,88,765,88,0,0
01-08-2026,August,2026,BMW,Germany,BMW 2er,939,75,515,500,15,0,163,0,462,53,447,53,15,0
01-08-2026,August,2026,BMW,Germany,BMW 3er,2431,0,1159,974,185,96,1202,0,339,820,154,820,185,0
01-08-2026,August,2026,BMW,Germany,BMW 4er,1833,0,550,550,0,851,1073,205,207,343,207,343,0,0
01-08-2026,August,2026,BMW,Germany,BMW 5er,2331,1,1649,1012,637,681,1493,0,740,909,103,909,637,0
01-08-2026,August,2026,BMW,Germany,BMW 7er,196,0,91,76,15,104,167,0,43,48,28,48,15,0
01-08-2026,August,2026,BMW,Germany,BMW 8er,0,0,0,0,0,0,0,0,0,0,0,0,0,0
01-08-2026,August,2026,BMW,Germany,BMW X1,4674,147,1653,1232,421,2449,1757,0,1127,526,706,526,421,0
01-08-2026,August,2026,BMW,Germany,BMW X2,485,19,236,236,0,175,235,0,106,130,106,130,0,0
01-08-2026,August,2026,BMW,Germany,BMW X3,3170,0,2162,1432,730,1008,2997,0,1367,795,637,795,730,0
01-08-2026,August,2026,BMW,Germany,BMW X4,4,0,4,4,0,0,4,0,1,3,1,3,0,0
01-08-2026,August,2026,BMW,Germany,BMW X5,1015,0,1015,638,377,0,1015,0,508,507,131,507,377,0
01-08-2026,August,2026,BMW,Germany,BMW X6,159,0,158,158,0,0,159,0,36,122,36,122,0,0
01-08-2026,August,2026,BMW,Germany,BMW XM,92,0,92,0,92,0,92,0,92,0,0,0,92,0
01-08-2026,August,2026,BMW,Germany,BMW Z4,35,0,0,0,0,0,0,35,0,0,0,0,0,0
01-08-2026,August,2026,BMW,Germany,BMW iX,280,0,0,0,0,280,280,0,0,0,0,0,0,0
