Date,Year,Month,Brand,Model,Country,New_Registrations
01-09-2025,2025,September,BMW,BMW 1er,Germany,2777
01-09-2025,2025,September,BMW,BMW 2er,Germany,2023
01-09-2025,2025,September,BMW,BMW 3er,Germany,2580
01-09-2025,2025,September,BMW,BMW 4er,Germany,1262
01-09-2025,2025,September,BMW,BMW 5er,Germany,2228
01-09-2025,2025,September,BMW,BMW 7er,Germany,179
01-09-2025,2025,September,BMW,BMW 8er,Germany,85
01-09-2025,2025,September,BMW,BMW X1,Germany,1968
01-09-2025,2025,September,BMW,BMW X2,Germany,379
01-09-2025,2025,September,BMW,BMW X3,Germany,2911
01-09-2025,2025,September,BMW,BMW X4,Germany,267
01-09-2025,2025,September,BMW,BMW X5,Germany,1634
01-09-2025,2025,September,BMW,BMW X6,Germany,248
01-09-2025,2025,September,BMW,BMW X7,Germany,255
01-09-2025,2025,September,BMW,BMW XM,Germany,82
01-09-2025,2025,September,BMW,BMW Z4,Germany,125
01-09-2025,2025,September,BMW,BMW iX,Germany,314
01-10-2025,2025,October,BMW,BMW 1er,Germany,2616
01-10-2025,2025,October,BMW,BMW 2er,Germany,1936
01-10-2025,2025,October,BMW,BMW 3er,Germany,2783
01-10-2025,2025,October,BMW,BMW 4er,Germany,1722
01-10-2025,2025,October,BMW,BMW 5er,Germany,3905
01-10-2025,2025,October,BMW,BMW 7er,Germany,323
01-10-2025,2025,October,BMW,BMW 8er,Germany,91
01-10-2025,2025,October,BMW,BMW X1,Germany,3980
01-10-2025,2025,October,BMW,BMW X2,Germany,622
01-10-2025,2025,October,BMW,BMW X3,Germany,2712
01-10-2025,2025,October,BMW,BMW X4,Germany,249
01-10-2025,2025,October,BMW,BMW X5,Germany,1406
01-10-2025,2025,October,BMW,BMW X6,Germany,266
01-10-2025,2025,October,BMW,BMW X7,Germany,280
01-10-2025,2025,October,BMW,BMW XM,Germany,70
01-10-2025,2025,October,BMW,BMW Z4,Germany,122
01-10-2025,2025,October,BMW,BMW iX,Germany,395
01-11-2025,2025,November,BMW,BMW 1er,Germany,2524
01-11-2025,2025,November,BMW,BMW 2er,Germany,1528
01-11-2025,2025,November,BMW,BMW 3er,Germany,2903
01-11-2025,2025,November,BMW,BMW 4er,Germany,2048
01-11-2025,2025,November,BMW,BMW 5er,Germany,3895
01-11-2025,2025,November,BMW,BMW 7er,Germany,336
01-11-2025,2025,November,BMW,BMW 8er,Germany,29
01-11-2025,2025,November,BMW,BMW X1,Germany,4743
01-11-2025,2025,November,BMW,BMW X2,Germany,714
01-11-2025,2025,November,BMW,BMW X3,Germany,2507
01-11-2025,2025,November,BMW,BMW X4,Germany,265
01-11-2025,2025,November,BMW,BMW X5,Germany,1457
01-11-2025,2025,November,BMW,BMW X6,Germany,259
01-11-2025,2025,November,BMW,BMW X7,Germany,347
01-11-2025,2025,November,BMW,BMW XM,Germany,50
01-11-2025,2025,November,BMW,BMW Z4,Germany,94
01-11-2025,2025,November,BMW,BMW iX,Germany,593
01-12-2025,2025,December,BMW,BMW 1er,Germany,2665
01-12-2025,2025,December,BMW,BMW 2er,Germany,1637
01-12-2025,2025,December,BMW,BMW 3er,Germany,2423
01-12-2025,2025,December,BMW,BMW 4er,Germany,2091
01-12-2025,2025,December,BMW,BMW 5er,Germany,3923
01-12-2025,2025,December,BMW,BMW 7er,Germany,315
01-12-2025,2025,December,BMW,BMW 8er,Germany,18
01-12-2025,2025,December,BMW,BMW X1,Germany,5361
01-12-2025,2025,December,BMW,BMW X2,Germany,596
01-12-2025,2025,December,BMW,BMW X3,Germany,2288
01-12-2025,2025,December,BMW,BMW X4,Germany,210
01-12-2025,2025,December,BMW,BMW X5,Germany,1298
01-12-2025,2025,December,BMW,BMW X6,Germany,195
01-12-2025,2025,December,BMW,BMW X7,Germany,274
01-12-2025,2025,December,BMW,BMW XM,Germany,22
01-12-2025,2025,December,BMW,BMW Z4,Germany,133
01-12-2025,2025,December,BMW,BMW iX,Germany,617
01-01-2026,2026,January,BMW,BMW 1er,Germany,1474
01-01-2026,2026,January,BMW,BMW 2er,Germany,1523
01-01-2026,2026,January,BMW,BMW 3er,Germany,1906
01-01-2026,2026,January,BMW,BMW 4er,Germany,1391
01-01-2026,2026,January,BMW,BMW 5er,Germany,2392
01-01-2026,2026,January,BMW,BMW 7er,Germany,101
01-01-2026,2026,January,BMW,BMW 8er,Germany,9
01-01-2026,2026,January,BMW,BMW X1,Germany,2848
01-01-2026,2026,January,BMW,BMW X2,Germany,461
01-01-2026,2026,January,BMW,BMW X3,Germany,2799
01-01-2026,2026,January,BMW,BMW X4,Germany,113
01-01-2026,2026,January,BMW,BMW X5,Germany,1139
01-01-2026,2026,January,BMW,BMW X6,Germany,168
01-01-2026,2026,January,BMW,BMW X7,Germany,199
01-01-2026,2026,January,BMW,BMW XM,Germany,53
01-01-2026,2026,January,BMW,BMW Z4,Germany,146
01-01-2026,2026,January,BMW,BMW iX,Germany,331
01-02-2026,2026,February,BMW,BMW 1er,Germany,1567
01-02-2026,2026,February,BMW,BMW 2er,Germany,1384
01-02-2026,2026,February,BMW,BMW 3er,Germany,2098
01-02-2026,2026,February,BMW,BMW 4er,Germany,1299
01-02-2026,2026,February,BMW,BMW 5er,Germany,2380
01-02-2026,2026,February,BMW,BMW 7er,Germany,141
01-02-2026,2026,February,BMW,BMW 8er,Germany,2
01-02-2026,2026,February,BMW,BMW X1,Germany,3150
01-02-2026,2026,February,BMW,BMW X2,Germany,440
01-02-2026,2026,February,BMW,BMW X3,Germany,2597
01-02-2026,2026,February,BMW,BMW X4,Germany,76
01-02-2026,2026,February,BMW,BMW X5,Germany,983
01-02-2026,2026,February,BMW,BMW X6,Germany,144
01-02-2026,2026,February,BMW,BMW X7,Germany,176
01-02-2026,2026,February,BMW,BMW XM,Germany,73
01-02-2026,2026,February,BMW,BMW Z4,Germany,196
01-02-2026,2026,February,BMW,BMW iX,Germany,340
01-03-2026,2026,March,BMW,BMW 1er,Germany,2314
01-03-2026,2026,March,BMW,BMW 2er,Germany,1832
01-03-2026,2026,March,BMW,BMW 3er,Germany,2499
01-03-2026,2026,March,BMW,BMW 4er,Germany,2399
01-03-2026,2026,March,BMW,BMW 5er,Germany,3117
01-03-2026,2026,March,BMW,BMW 7er,Germany,318
01-03-2026,2026,March,BMW,BMW 8er,Germany,11
01-03-2026,2026,March,BMW,BMW X1,Germany,4620
01-03-2026,2026,March,BMW,BMW X2,Germany,461
01-03-2026,2026,March,BMW,BMW X3,Germany,3795
01-03-2026,2026,March,BMW,BMW X4,Germany,72
01-03-2026,2026,March,BMW,BMW X5,Germany,1258
01-03-2026,2026,March,BMW,BMW X6,Germany,183
01-03-2026,2026,March,BMW,BMW X7,Germany,288
01-03-2026,2026,March,BMW,BMW XM,Germany,55
01-03-2026,2026,March,BMW,BMW Z4,Germany,453
01-03-2026,2026,March,BMW,BMW iX,Germany,508
01-04-2026,2026,April,BMW,BMW 1er,Germany,2014
01-04-2026,2026,April,BMW,BMW 2er,Germany,1734
01-04-2026,2026,April,BMW,BMW 3er,Germany,2194
01-04-2026,2026,April,BMW,BMW 4er,Germany,2073
01-04-2026,2026,April,BMW,BMW 5er,Germany,2458
01-04-2026,2026,April,BMW,BMW 7er,Germany,253
01-04-2026,2026,April,BMW,BMW 8er,Germany,1
01-04-2026,2026,April,BMW,BMW X1,Germany,4777
01-04-2026,2026,April,BMW,BMW X2,Germany,434
01-04-2026,2026,April,BMW,BMW X3,Germany,3832
01-04-2026,2026,April,BMW,BMW X4,Germany,18
01-04-2026,2026,April,BMW,BMW X5,Germany,1260
01-04-2026,2026,April,BMW,BMW X6,Germany,199
01-04-2026,2026,April,BMW,BMW X7,Germany,270
01-04-2026,2026,April,BMW,BMW XM,Germany,56
01-04-2026,2026,April,BMW,BMW Z4,Germany,355
01-04-2026,2026,April,BMW,BMW iX,Germany,428
01-05-2026,2026,May,BMW,BMW 1er,Germany,1768
01-05-2026,2026,May,BMW,BMW 2er,Germany,1570
01-05-2026,2026,May,BMW,BMW 3er,Germany,2117
01-05-2026,2026,May,BMW,BMW 4er,Germany,1761
01-05-2026,2026,May,BMW,BMW 5er,Germany,2440
01-05-2026,2026,May,BMW,BMW 7er,Germany,255
01-05-2026,2026,May,BMW,BMW 8er,Germany,2
01-05-2026,2026,May,BMW,BMW X1,Germany,3781
01-05-2026,2026,May,BMW,BMW X2,Germany,471
01-05-2026,2026,May,BMW,BMW X3,Germany,3410
01-05-2026,2026,May,BMW,BMW X4,Germany,5
01-05-2026,2026,May,BMW,BMW X5,Germany,1135
01-05-2026,2026,May,BMW,BMW X6,Germany,156
01-05-2026,2026,May,BMW,BMW X7,Germany,230
01-05-2026,2026,May,BMW,BMW XM,Germany,55
01-05-2026,2026,May,BMW,BMW Z4,Germany,112
01-05-2026,2026,May,BMW,BMW iX,Germany,319
01-06-2026,2026,June,BMW,BMW 1er,Germany,2537
01-06-2026,2026,June,BMW,BMW 2er,Germany,1644
01-06-2026,2026,June,BMW,BMW 3er,Germany,3099
01-06-2026,2026,June,BMW,BMW 4er,Germany,2696
01-06-2026,2026,June,BMW,BMW 5er,Germany,2795
01-06-2026,2026,June,BMW,BMW 7er,Germany,209
01-06-2026,2026,June,BMW,BMW 8er,Germany,5
01-06-2026,2026,June,BMW,BMW X1,Germany,5388
01-06-2026,2026,June,BMW,BMW X2,Germany,548
01-06-2026,2026,June,BMW,BMW X3,Germany,4516
01-06-2026,2026,June,BMW,BMW X4,Germany,7
01-06-2026,2026,June,BMW,BMW X5,Germany,1512
01-06-2026,2026,June,BMW,BMW X6,Germany,206
01-06-2026,2026,June,BMW,BMW X7,Germany,262
01-06-2026,2026,June,BMW,BMW XM,Germany,94
01-06-2026,2026,June,BMW,BMW Z4,Germany,92
01-06-2026,2026,June,BMW,BMW iX,Germany,379
01-07-2026,2026,July,BMW,BMW 1er,Germany,1740
01-07-2026,2026,July,BMW,BMW 2er,Germany,1472
01-07-2026,2026,July,BMW,BMW 3er,Germany,2842
01-07-2026,2026,July,BMW,BMW 4er,Germany,2419
01-07-2026,2026,July,BMW,BMW 5er,Germany,2719
01-07-2026,2026,July,BMW,BMW 7er,Germany,403
01-07-2026,2026,July,BMW,BMW 8er,Germany,3
01-07-2026,2026,July,BMW,BMW X1,Germany,5529
01-07-2026,2026,July,BMW,BMW X2,Germany,626
01-07-2026,2026,July,BMW,BMW X3,Germany,4409
01-07-2026,2026,July,BMW,BMW X4,Germany,5
01-07-2026,2026,July,BMW,BMW X5,Germany,1393
01-07-2026,2026,July,BMW,BMW X6,Germany,222
01-07-2026,2026,July,BMW,BMW X7,Germany,266
01-07-2026,2026,July,BMW,BMW XM,Germany,74
01-07-2026,2026,July,BMW,BMW Z4,Germany,46
01-07-2026,2026,July,BMW,BMW iX,Germany,429
01-08-2026,2026,August,BMW,BMW 1er,Germany,1053
01-08-2026,2026,August,BMW,BMW 2er,Germany,939
01-08-2026,2026,August,BMW,BMW 3er,Germany,2431
01-08-2026,2026,August,BMW,BMW 4er,Germany,1833
01-08-2026,2026,August,BMW,BMW 5er,Germany,2331
01-08-2026,2026,August,BMW,BMW 7er,Germany,196
01-08-2026,2026,August,BMW,BMW 8er,Germany,
01-08-2026,2026,August,BMW,BMW X1,Germany,4674
01-08-2026,2026,August,BMW,BMW X2,Germany,485
01-08-2026,2026,August,BMW,BMW X3,Germany,3170
01-08-2026,2026,August,BMW,BMW X4,Germany,4
01-08-2026,2026,August,BMW,BMW X5,Germany,1015
01-08-2026,2026,August,BMW,BMW X6,Germany,159
01-08-2026,2026,August,BMW,BMW X7,Germany,226
01-08-2026,2026,August,BMW,BMW XM,Germany,92
01-08-2026,2026,August,BMW,BMW Z4,Germany,35
01-08-2026,2026,August,BMW,BMW iX,Germany,280
