Date,Year,Month,Brand,Model,Powertrain,Registrations,Country
01-01-2024,2024,January,BMW,BMW 3er Plug-in Hybrid,PHEV,450,Germany
01-01-2024,2024,January,BMW,BMW 5er Plug-in Hybrid,PHEV,267,Germany
01-01-2024,2024,January,BMW,BMW X1 Plug-in Hybrid,PHEV,183,Germany
01-01-2024,2024,January,BMW,BMW X3 Plug-in Hybrid,PHEV,157,Germany
01-01-2024,2024,January,BMW,BMW X5 Plug-in Hybrid,PHEV,338,Germany
01-01-2024,2024,January,BMW,BMW i4,BEV,880,Germany
01-01-2024,2024,January,BMW,BMW i5,BEV,278,Germany
01-01-2024,2024,January,BMW,BMW i7,BEV,51,Germany
01-01-2024,2024,January,BMW,BMW iX,BEV,363,Germany
01-01-2024,2024,January,BMW,BMW iX1,BEV,358,Germany
01-01-2024,2024,January,BMW,BMW iX3,BEV,295,Germany
01-02-2024,2024,February,BMW,BMW 3er Plug-in Hybrid,PHEV,346,Germany
01-02-2024,2024,February,BMW,BMW 5er Plug-in Hybrid,PHEV,340,Germany
01-02-2024,2024,February,BMW,BMW X1 Plug-in Hybrid,PHEV,278,Germany
01-02-2024,2024,February,BMW,BMW X3 Plug-in Hybrid,PHEV,126,Germany
01-02-2024,2024,February,BMW,BMW X5 Plug-in Hybrid,PHEV,158,Germany
01-02-2024,2024,February,BMW,BMW i4,BEV,774,Germany
01-02-2024,2024,February,BMW,BMW i5,BEV,323,Germany
01-02-2024,2024,February,BMW,BMW i7,BEV,83,Germany
01-02-2024,2024,February,BMW,BMW iX,BEV,359,Germany
01-02-2024,2024,February,BMW,BMW iX1,BEV,685,Germany
01-02-2024,2024,February,BMW,BMW iX3,BEV,217,Germany
01-03-2024,2024,March,BMW,BMW 3er Plug-in Hybrid,PHEV,516,Germany
01-03-2024,2024,March,BMW,BMW 5er Plug-in Hybrid,PHEV,327,Germany
01-03-2024,2024,March,BMW,BMW X1 Plug-in Hybrid,PHEV,438,Germany
01-03-2024,2024,March,BMW,BMW X3 Plug-in Hybrid,PHEV,133,Germany
01-03-2024,2024,March,BMW,BMW X5 Plug-in Hybrid,PHEV,198,Germany
01-03-2024,2024,March,BMW,BMW i4,BEV,941,Germany
01-03-2024,2024,March,BMW,BMW i5,BEV,462,Germany
01-03-2024,2024,March,BMW,BMW i7,BEV,75,Germany
01-03-2024,2024,March,BMW,BMW iX,BEV,335,Germany
01-03-2024,2024,March,BMW,BMW iX1,BEV,983,Germany
01-03-2024,2024,March,BMW,BMW iX3,BEV,310,Germany
01-04-2024,2024,April,BMW,BMW 3er Plug-in Hybrid,PHEV,596,Germany
01-04-2024,2024,April,BMW,BMW 5er Plug-in Hybrid,PHEV,331,Germany
01-04-2024,2024,April,BMW,BMW X1 Plug-in Hybrid,PHEV,557,Germany
01-04-2024,2024,April,BMW,BMW X3 Plug-in Hybrid,PHEV,268,Germany
01-04-2024,2024,April,BMW,BMW X5 Plug-in Hybrid,PHEV,236,Germany
01-04-2024,2024,April,BMW,BMW i4,BEV,891,Germany
01-04-2024,2024,April,BMW,BMW i5,BEV,613,Germany
01-04-2024,2024,April,BMW,BMW i7,BEV,104,Germany
01-04-2024,2024,April,BMW,BMW iX,BEV,409,Germany
01-04-2024,2024,April,BMW,BMW iX1,BEV,1142,Germany
01-04-2024,2024,April,BMW,BMW iX3,BEV,285,Germany
01-05-2024,2024,May,BMW,BMW 3er Plug-in Hybrid,PHEV,471,Germany
01-05-2024,2024,May,BMW,BMW 5er Plug-in Hybrid,PHEV,303,Germany
01-05-2024,2024,May,BMW,BMW X1 Plug-in Hybrid,PHEV,440,Germany
01-05-2024,2024,May,BMW,BMW X3 Plug-in Hybrid,PHEV,171,Germany
01-05-2024,2024,May,BMW,BMW X5 Plug-in Hybrid,PHEV,271,Germany
01-05-2024,2024,May,BMW,BMW i4,BEV,680,Germany
01-05-2024,2024,May,BMW,BMW i5,BEV,656,Germany
01-05-2024,2024,May,BMW,BMW i7,BEV,59,Germany
01-05-2024,2024,May,BMW,BMW iX,BEV,332,Germany
01-05-2024,2024,May,BMW,BMW iX1,BEV,1015,Germany
01-05-2024,2024,May,BMW,BMW iX3,BEV,472,Germany
01-06-2024,2024,June,BMW,BMW 3er Plug-in Hybrid,PHEV,355,Germany
01-06-2024,2024,June,BMW,BMW 5er Plug-in Hybrid,PHEV,168,Germany
01-06-2024,2024,June,BMW,BMW X1 Plug-in Hybrid,PHEV,519,Germany
01-06-2024,2024,June,BMW,BMW X3 Plug-in Hybrid,PHEV,201,Germany
01-06-2024,2024,June,BMW,BMW X5 Plug-in Hybrid,PHEV,300,Germany
01-06-2024,2024,June,BMW,BMW i4,BEV,618,Germany
01-06-2024,2024,June,BMW,BMW i5,BEV,506,Germany
01-06-2024,2024,June,BMW,BMW i7,BEV,75,Germany
01-06-2024,2024,June,BMW,BMW iX,BEV,324,Germany
01-06-2024,2024,June,BMW,BMW iX1,BEV,1162,Germany
01-06-2024,2024,June,BMW,BMW iX3,BEV,591,Germany
01-07-2024,2024,July,BMW,BMW 3er Plug-in Hybrid,PHEV,308,Germany
01-07-2024,2024,July,BMW,BMW 5er Plug-in Hybrid,PHEV,454,Germany
01-07-2024,2024,July,BMW,BMW X1 Plug-in Hybrid,PHEV,596,Germany
01-07-2024,2024,July,BMW,BMW X3 Plug-in Hybrid,PHEV,150,Germany
01-07-2024,2024,July,BMW,BMW X5 Plug-in Hybrid,PHEV,354,Germany
01-07-2024,2024,July,BMW,BMW i4,BEV,890,Germany
01-07-2024,2024,July,BMW,BMW i5,BEV,995,Germany
01-07-2024,2024,July,BMW,BMW i7,BEV,95,Germany
01-07-2024,2024,July,BMW,BMW iX,BEV,286,Germany
01-07-2024,2024,July,BMW,BMW iX1,BEV,1290,Germany
01-07-2024,2024,July,BMW,BMW iX3,BEV,589,Germany
01-08-2024,2024,August,BMW,BMW 3er Plug-in Hybrid,PHEV,85,Germany
01-08-2024,2024,August,BMW,BMW 5er Plug-in Hybrid,PHEV,336,Germany
01-08-2024,2024,August,BMW,BMW X1 Plug-in Hybrid,PHEV,433,Germany
01-08-2024,2024,August,BMW,BMW X3 Plug-in Hybrid,PHEV,109,Germany
01-08-2024,2024,August,BMW,BMW X5 Plug-in Hybrid,PHEV,279,Germany
01-08-2024,2024,August,BMW,BMW i4,BEV,901,Germany
01-08-2024,2024,August,BMW,BMW i5,BEV,729,Germany
01-08-2024,2024,August,BMW,BMW i7,BEV,63,Germany
01-08-2024,2024,August,BMW,BMW iX,BEV,255,Germany
01-08-2024,2024,August,BMW,BMW iX1,BEV,939,Germany
01-08-2024,2024,August,BMW,BMW iX3,BEV,304,Germany
01-09-2024,2024,September,BMW,BMW 3er Plug-in Hybrid,PHEV,468,Germany
01-09-2024,2024,September,BMW,BMW 5er Plug-in Hybrid,PHEV,298,Germany
01-09-2024,2024,September,BMW,BMW X1 Plug-in Hybrid,PHEV,673,Germany
01-09-2024,2024,September,BMW,BMW X3 Plug-in Hybrid,PHEV,107,Germany
01-09-2024,2024,September,BMW,BMW X5 Plug-in Hybrid,PHEV,344,Germany
01-09-2024,2024,September,BMW,BMW i4,BEV,633,Germany
01-09-2024,2024,September,BMW,BMW i5,BEV,504,Germany
01-09-2024,2024,September,BMW,BMW i7,BEV,67,Germany
01-09-2024,2024,September,BMW,BMW iX,BEV,297,Germany
01-09-2024,2024,September,BMW,BMW iX1,BEV,1212,Germany
01-09-2024,2024,September,BMW,BMW iX3,BEV,701,Germany
01-10-2024,2024,October,BMW,BMW 3er Plug-in Hybrid,PHEV,509,Germany
01-10-2024,2024,October,BMW,BMW 5er Plug-in Hybrid,PHEV,474,Germany
01-10-2024,2024,October,BMW,BMW X1 Plug-in Hybrid,PHEV,760,Germany
01-10-2024,2024,October,BMW,BMW X3 Plug-in Hybrid,PHEV,48,Germany
01-10-2024,2024,October,BMW,BMW X5 Plug-in Hybrid,PHEV,499,Germany
01-10-2024,2024,October,BMW,BMW i4,BEV,691,Germany
01-10-2024,2024,October,BMW,BMW i5,BEV,732,Germany
01-10-2024,2024,October,BMW,BMW i7,BEV,109,Germany
01-10-2024,2024,October,BMW,BMW iX,BEV,235,Germany
01-10-2024,2024,October,BMW,BMW iX1,BEV,1168,Germany
01-10-2024,2024,October,BMW,BMW iX3,BEV,438,Germany
01-11-2024,2024,November,BMW,BMW 3er Plug-in Hybrid,PHEV,752,Germany
01-11-2024,2024,November,BMW,BMW 5er Plug-in Hybrid,PHEV,861,Germany
01-11-2024,2024,November,BMW,BMW X1 Plug-in Hybrid,PHEV,680,Germany
01-11-2024,2024,November,BMW,BMW X3 Plug-in Hybrid,PHEV,54,Germany
01-11-2024,2024,November,BMW,BMW X5 Plug-in Hybrid,PHEV,480,Germany
01-11-2024,2024,November,BMW,BMW i4,BEV,1367,Germany
01-11-2024,2024,November,BMW,BMW i5,BEV,1169,Germany
01-11-2024,2024,November,BMW,BMW i7,BEV,157,Germany
01-11-2024,2024,November,BMW,BMW iX,BEV,298,Germany
01-11-2024,2024,November,BMW,BMW iX1,BEV,1136,Germany
01-11-2024,2024,November,BMW,BMW iX3,BEV,238,Germany
01-12-2024,2024,December,BMW,BMW 3er Plug-in Hybrid,PHEV,419,Germany
01-12-2024,2024,December,BMW,BMW 5er Plug-in Hybrid,PHEV,832,Germany
01-12-2024,2024,December,BMW,BMW X1 Plug-in Hybrid,PHEV,643,Germany
01-12-2024,2024,December,BMW,BMW X3 Plug-in Hybrid,PHEV,76,Germany
01-12-2024,2024,December,BMW,BMW X5 Plug-in Hybrid,PHEV,462,Germany
01-12-2024,2024,December,BMW,BMW i4,BEV,1102,Germany
01-12-2024,2024,December,BMW,BMW i5,BEV,882,Germany
01-12-2024,2024,December,BMW,BMW i7,BEV,84,Germany
01-12-2024,2024,December,BMW,BMW iX,BEV,275,Germany
01-12-2024,2024,December,BMW,BMW iX1,BEV,1550,Germany
01-12-2024,2024,December,BMW,BMW iX3,BEV,192,Germany
01-01-2025,2025,January,BMW,BMW 3er Plug-in Hybrid,PHEV,227,Germany
01-01-2025,2025,January,BMW,BMW 5er Plug-in Hybrid,PHEV,584,Germany
01-01-2025,2025,January,BMW,BMW X1 Plug-in Hybrid,PHEV,447,Germany
01-01-2025,2025,January,BMW,BMW X3 Plug-in Hybrid,PHEV,274,Germany
01-01-2025,2025,January,BMW,BMW X5 Plug-in Hybrid,PHEV,463,Germany
01-01-2025,2025,January,BMW,BMW i4,BEV,774,Germany
01-01-2025,2025,January,BMW,BMW i5,BEV,730,Germany
01-01-2025,2025,January,BMW,BMW i7,BEV,77,Germany
01-01-2025,2025,January,BMW,BMW iX,BEV,161,Germany
01-01-2025,2025,January,BMW,BMW iX1,BEV,644,Germany
01-01-2025,2025,January,BMW,BMW iX3,BEV,243,Germany
01-02-2025,2025,February,BMW,BMW 3er Plug-in Hybrid,PHEV,436,Germany
01-02-2025,2025,February,BMW,BMW 5er Plug-in Hybrid,PHEV,774,Germany
01-02-2025,2025,February,BMW,BMW X1 Plug-in Hybrid,PHEV,569,Germany
01-02-2025,2025,February,BMW,BMW X3 Plug-in Hybrid,PHEV,263,Germany
01-02-2025,2025,February,BMW,BMW X5 Plug-in Hybrid,PHEV,263,Germany
01-02-2025,2025,February,BMW,BMW i4,BEV,970,Germany
01-02-2025,2025,February,BMW,BMW i5,BEV,793,Germany
01-02-2025,2025,February,BMW,BMW i7,BEV,86,Germany
01-02-2025,2025,February,BMW,BMW iX,BEV,216,Germany
01-02-2025,2025,February,BMW,BMW iX1,BEV,952,Germany
01-02-2025,2025,February,BMW,BMW iX3,BEV,345,Germany
01-03-2025,2025,March,BMW,BMW 3er Plug-in Hybrid,PHEV,374,Germany
01-03-2025,2025,March,BMW,BMW 5er Plug-in Hybrid,PHEV,949,Germany
01-03-2025,2025,March,BMW,BMW X1 Plug-in Hybrid,PHEV,635,Germany
01-03-2025,2025,March,BMW,BMW X3 Plug-in Hybrid,PHEV,144,Germany
01-03-2025,2025,March,BMW,BMW X5 Plug-in Hybrid,PHEV,415,Germany
01-03-2025,2025,March,BMW,BMW i4,BEV,1115,Germany
01-03-2025,2025,March,BMW,BMW i5,BEV,785,Germany
01-03-2025,2025,March,BMW,BMW i7,BEV,64,Germany
01-03-2025,2025,March,BMW,BMW iX,BEV,298,Germany
01-03-2025,2025,March,BMW,BMW iX1,BEV,1201,Germany
01-03-2025,2025,March,BMW,BMW iX3,BEV,298,Germany
01-04-2025,2025,April,BMW,BMW 3er Plug-in Hybrid,PHEV,511,Germany
01-04-2025,2025,April,BMW,BMW 5er Plug-in Hybrid,PHEV,950,Germany
01-04-2025,2025,April,BMW,BMW X1 Plug-in Hybrid,PHEV,616,Germany
01-04-2025,2025,April,BMW,BMW X3 Plug-in Hybrid,PHEV,238,Germany
01-04-2025,2025,April,BMW,BMW X5 Plug-in Hybrid,PHEV,416,Germany
01-04-2025,2025,April,BMW,BMW i4,BEV,1042,Germany
01-04-2025,2025,April,BMW,BMW i5,BEV,770,Germany
01-04-2025,2025,April,BMW,BMW i7,BEV,54,Germany
01-04-2025,2025,April,BMW,BMW iX,BEV,359,Germany
01-04-2025,2025,April,BMW,BMW iX1,BEV,1497,Germany
01-04-2025,2025,April,BMW,BMW iX3,BEV,236,Germany
01-05-2025,2025,May,BMW,BMW 3er Plug-in Hybrid,PHEV,329,Germany
01-05-2025,2025,May,BMW,BMW 5er Plug-in Hybrid,PHEV,844,Germany
01-05-2025,2025,May,BMW,BMW X1 Plug-in Hybrid,PHEV,664,Germany
01-05-2025,2025,May,BMW,BMW X3 Plug-in Hybrid,PHEV,383,Germany
01-05-2025,2025,May,BMW,BMW X5 Plug-in Hybrid,PHEV,303,Germany
01-05-2025,2025,May,BMW,BMW i4,BEV,788,Germany
01-05-2025,2025,May,BMW,BMW i5,BEV,803,Germany
01-05-2025,2025,May,BMW,BMW i7,BEV,66,Germany
01-05-2025,2025,May,BMW,BMW iX,BEV,306,Germany
01-05-2025,2025,May,BMW,BMW iX1,BEV,1285,Germany
01-05-2025,2025,May,BMW,BMW iX3,BEV,72,Germany
01-06-2025,2025,June,BMW,BMW 3er Plug-in Hybrid,PHEV,447,Germany
01-06-2025,2025,June,BMW,BMW 5er Plug-in Hybrid,PHEV,946,Germany
01-06-2025,2025,June,BMW,BMW X1 Plug-in Hybrid,PHEV,667,Germany
01-06-2025,2025,June,BMW,BMW X3 Plug-in Hybrid,PHEV,548,Germany
01-06-2025,2025,June,BMW,BMW X5 Plug-in Hybrid,PHEV,346,Germany
01-06-2025,2025,June,BMW,BMW i4,BEV,936,Germany
01-06-2025,2025,June,BMW,BMW i5,BEV,758,Germany
01-06-2025,2025,June,BMW,BMW i7,BEV,75,Germany
01-06-2025,2025,June,BMW,BMW iX,BEV,417,Germany
01-06-2025,2025,June,BMW,BMW iX1,BEV,1842,Germany
01-06-2025,2025,June,BMW,BMW iX3,BEV,43,Germany
01-07-2025,2025,July,BMW,BMW 3er Plug-in Hybrid,PHEV,560,Germany
01-07-2025,2025,July,BMW,BMW 5er Plug-in Hybrid,PHEV,912,Germany
01-07-2025,2025,July,BMW,BMW X1 Plug-in Hybrid,PHEV,930,Germany
01-07-2025,2025,July,BMW,BMW X3 Plug-in Hybrid,PHEV,620,Germany
01-07-2025,2025,July,BMW,BMW X5 Plug-in Hybrid,PHEV,586,Germany
01-07-2025,2025,July,BMW,BMW i4,BEV,1027,Germany
01-07-2025,2025,July,BMW,BMW i5,BEV,967,Germany
01-07-2025,2025,July,BMW,BMW i7,BEV,71,Germany
01-07-2025,2025,July,BMW,BMW iX,BEV,408,Germany
01-07-2025,2025,July,BMW,BMW iX1,BEV,2477,Germany
01-07-2025,2025,July,BMW,BMW iX3,BEV,13,Germany
01-08-2025,2025,August,BMW,BMW 3er Plug-in Hybrid,PHEV,372,Germany
01-08-2025,2025,August,BMW,BMW 5er Plug-in Hybrid,PHEV,629,Germany
01-08-2025,2025,August,BMW,BMW X1 Plug-in Hybrid,PHEV,687,Germany
01-08-2025,2025,August,BMW,BMW X3 Plug-in Hybrid,PHEV,919,Germany
01-08-2025,2025,August,BMW,BMW X5 Plug-in Hybrid,PHEV,465,Germany
01-08-2025,2025,August,BMW,BMW i4,BEV,742,Germany
01-08-2025,2025,August,BMW,BMW i5,BEV,647,Germany
01-08-2025,2025,August,BMW,BMW i7,BEV,51,Germany
01-08-2025,2025,August,BMW,BMW iX,BEV,253,Germany
01-08-2025,2025,August,BMW,BMW iX1,BEV,1645,Germany
01-08-2025,2025,August,BMW,BMW iX3,BEV,2,Germany
01-09-2025,2025,September,BMW,BMW 3er Plug-in Hybrid,PHEV,399,Germany
01-09-2025,2025,September,BMW,BMW 5er Plug-in Hybrid,PHEV,902,Germany
01-09-2025,2025,September,BMW,BMW X1 Plug-in Hybrid,PHEV,341,Germany
01-09-2025,2025,September,BMW,BMW X3 Plug-in Hybrid,PHEV,1176,Germany
01-09-2025,2025,September,BMW,BMW X5 Plug-in Hybrid,PHEV,573,Germany
01-09-2025,2025,September,BMW,BMW i4,BEV,649,Germany
01-09-2025,2025,September,BMW,BMW i5,BEV,610,Germany
01-09-2025,2025,September,BMW,BMW i7,BEV,103,Germany
01-09-2025,2025,September,BMW,BMW iX,BEV,314,Germany
01-09-2025,2025,September,BMW,BMW iX1,BEV,945,Germany
01-09-2025,2025,September,BMW,BMW iX3,BEV,3,Germany
01-10-2025,2025,October,BMW,BMW 3er Plug-in Hybrid,PHEV,467,Germany
01-10-2025,2025,October,BMW,BMW 5er Plug-in Hybrid,PHEV,1495,Germany
01-10-2025,2025,October,BMW,BMW X1 Plug-in Hybrid,PHEV,601,Germany
01-10-2025,2025,October,BMW,BMW X3 Plug-in Hybrid,PHEV,927,Germany
01-10-2025,2025,October,BMW,BMW X5 Plug-in Hybrid,PHEV,619,Germany
01-10-2025,2025,October,BMW,BMW i4,BEV,1160,Germany
01-10-2025,2025,October,BMW,BMW i5,BEV,946,Germany
01-10-2025,2025,October,BMW,BMW i7,BEV,205,Germany
01-10-2025,2025,October,BMW,BMW iX,BEV,395,Germany
01-10-2025,2025,October,BMW,BMW iX1,BEV,1925,Germany
01-10-2025,2025,October,BMW,BMW iX3,BEV,105,Germany
01-11-2025,2025,November,BMW,BMW 3er Plug-in Hybrid,PHEV,298,Germany
01-11-2025,2025,November,BMW,BMW 5er Plug-in Hybrid,PHEV,1259,Germany
01-11-2025,2025,November,BMW,BMW X1 Plug-in Hybrid,PHEV,711,Germany
01-11-2025,2025,November,BMW,BMW X3 Plug-in Hybrid,PHEV,930,Germany
01-11-2025,2025,November,BMW,BMW X5 Plug-in Hybrid,PHEV,449,Germany
01-11-2025,2025,November,BMW,BMW i4,BEV,1284,Germany
01-11-2025,2025,November,BMW,BMW i5,BEV,1229,Germany
01-11-2025,2025,November,BMW,BMW i7,BEV,201,Germany
01-11-2025,2025,November,BMW,BMW iX,BEV,593,Germany
01-11-2025,2025,November,BMW,BMW iX1,BEV,1940,Germany
01-11-2025,2025,November,BMW,BMW iX3,BEV,191,Germany
01-12-2025,2025,December,BMW,BMW 3er Plug-in Hybrid,PHEV,240,Germany
01-12-2025,2025,December,BMW,BMW 5er Plug-in Hybrid,PHEV,1241,Germany
01-12-2025,2025,December,BMW,BMW X1 Plug-in Hybrid,PHEV,618,Germany
01-12-2025,2025,December,BMW,BMW X3 Plug-in Hybrid,PHEV,710,Germany
01-12-2025,2025,December,BMW,BMW X5 Plug-in Hybrid,PHEV,233,Germany
01-12-2025,2025,December,BMW,BMW i4,BEV,1193,Germany
01-12-2025,2025,December,BMW,BMW i5,BEV,1438,Germany
01-12-2025,2025,December,BMW,BMW i7,BEV,150,Germany
01-12-2025,2025,December,BMW,BMW iX,BEV,617,Germany
01-12-2025,2025,December,BMW,BMW iX1,BEV,2604,Germany
01-12-2025,2025,December,BMW,BMW iX3,BEV,416,Germany
01-01-2026,2026,January,BMW,BMW 3er Plug-in Hybrid,PHEV,227,Germany
01-01-2026,2026,January,BMW,BMW 5er Plug-in Hybrid,PHEV,677,Germany
01-01-2026,2026,January,BMW,BMW X1 Plug-in Hybrid,PHEV,447,Germany
01-01-2026,2026,January,BMW,BMW X3 Plug-in Hybrid,PHEV,274,Germany
01-01-2026,2026,January,BMW,BMW X5 Plug-in Hybrid,PHEV,463,Germany
01-01-2026,2026,January,BMW,BMW i4,BEV,901,Germany
01-01-2026,2026,January,BMW,BMW i5,BEV,901,Germany
01-01-2026,2026,January,BMW,BMW i7,BEV,77,Germany
01-01-2026,2026,January,BMW,BMW iX,BEV,331,Germany
01-01-2026,2026,January,BMW,BMW iX1,BEV,961,Germany
01-01-2026,2026,January,BMW,BMW iX3,BEV,243,Germany
01-02-2026,2026,February,BMW,BMW 3er Plug-in Hybrid,PHEV,436,Germany
01-02-2026,2026,February,BMW,BMW 5er Plug-in Hybrid,PHEV,701,Germany
01-02-2026,2026,February,BMW,BMW X1 Plug-in Hybrid,PHEV,569,Germany
01-02-2026,2026,February,BMW,BMW X3 Plug-in Hybrid,PHEV,263,Germany
01-02-2026,2026,February,BMW,BMW X5 Plug-in Hybrid,PHEV,263,Germany
01-02-2026,2026,February,BMW,BMW i4,BEV,828,Germany
01-02-2026,2026,February,BMW,BMW i5,BEV,828,Germany
01-02-2026,2026,February,BMW,BMW i7,BEV,86,Germany
01-02-2026,2026,February,BMW,BMW iX,BEV,340,Germany
01-02-2026,2026,February,BMW,BMW iX1,BEV,756,Germany
01-02-2026,2026,February,BMW,BMW iX3,BEV,345,Germany
01-03-2026,2026,March,BMW,BMW 3er Plug-in Hybrid,PHEV,374,Germany
01-03-2026,2026,March,BMW,BMW 5er Plug-in Hybrid,PHEV,883,Germany
01-03-2026,2026,March,BMW,BMW X1 Plug-in Hybrid,PHEV,635,Germany
01-03-2026,2026,March,BMW,BMW X3 Plug-in Hybrid,PHEV,144,Germany
01-03-2026,2026,March,BMW,BMW X5 Plug-in Hybrid,PHEV,415,Germany
01-03-2026,2026,March,BMW,BMW i4,BEV,1045,Germany
01-03-2026,2026,March,BMW,BMW i5,BEV,1045,Germany
01-03-2026,2026,March,BMW,BMW i7,BEV,64,Germany
01-03-2026,2026,March,BMW,BMW iX,BEV,508,Germany
01-03-2026,2026,March,BMW,BMW iX1,BEV,1658,Germany
01-03-2026,2026,March,BMW,BMW iX3,BEV,298,Germany
01-04-2026,2026,April,BMW,BMW 3er Plug-in Hybrid,PHEV,511,Germany
01-04-2026,2026,April,BMW,BMW 5er Plug-in Hybrid,PHEV,769,Germany
01-04-2026,2026,April,BMW,BMW X1 Plug-in Hybrid,PHEV,616,Germany
01-04-2026,2026,April,BMW,BMW X3 Plug-in Hybrid,PHEV,238,Germany
01-04-2026,2026,April,BMW,BMW X5 Plug-in Hybrid,PHEV,416,Germany
01-04-2026,2026,April,BMW,BMW i4,BEV,747,Germany
01-04-2026,2026,April,BMW,BMW i5,BEV,747,Germany
01-04-2026,2026,April,BMW,BMW i7,BEV,54,Germany
01-04-2026,2026,April,BMW,BMW iX,BEV,428,Germany
01-04-2026,2026,April,BMW,BMW iX1,BEV,2421,Germany
01-04-2026,2026,April,BMW,BMW iX3,BEV,236,Germany
01-05-2026,2026,May,BMW,BMW 3er Plug-in Hybrid,PHEV,329,Germany
01-05-2026,2026,May,BMW,BMW 5er Plug-in Hybrid,PHEV,717,Germany
01-05-2026,2026,May,BMW,BMW X1 Plug-in Hybrid,PHEV,664,Germany
01-05-2026,2026,May,BMW,BMW X3 Plug-in Hybrid,PHEV,383,Germany
01-05-2026,2026,May,BMW,BMW X5 Plug-in Hybrid,PHEV,303,Germany
01-05-2026,2026,May,BMW,BMW i4,BEV,757,Germany
01-05-2026,2026,May,BMW,BMW i5,BEV,757,Germany
01-05-2026,2026,May,BMW,BMW i7,BEV,66,Germany
01-05-2026,2026,May,BMW,BMW iX,BEV,319,Germany
01-05-2026,2026,May,BMW,BMW iX1,BEV,1736,Germany
01-05-2026,2026,May,BMW,BMW iX3,BEV,72,Germany
01-06-2026,2026,June,BMW,BMW 3er Plug-in Hybrid,PHEV,447,Germany
01-06-2026,2026,June,BMW,BMW 5er Plug-in Hybrid,PHEV,920,Germany
01-06-2026,2026,June,BMW,BMW X1 Plug-in Hybrid,PHEV,667,Germany
01-06-2026,2026,June,BMW,BMW X3 Plug-in Hybrid,PHEV,548,Germany
01-06-2026,2026,June,BMW,BMW X5 Plug-in Hybrid,PHEV,346,Germany
01-06-2026,2026,June,BMW,BMW i4,BEV,920,Germany
01-06-2026,2026,June,BMW,BMW i5,BEV,920,Germany
01-06-2026,2026,June,BMW,BMW i7,BEV,75,Germany
01-06-2026,2026,June,BMW,BMW iX,BEV,379,Germany
01-06-2026,2026,June,BMW,BMW iX1,BEV,2628,Germany
01-06-2026,2026,June,BMW,BMW iX3,BEV,43,Germany
01-07-2026,2026,July,BMW,BMW 3er Plug-in Hybrid,PHEV,560,Germany
01-07-2026,2026,July,BMW,BMW 5er Plug-in Hybrid,PHEV,833,Germany
01-07-2026,2026,July,BMW,BMW X1 Plug-in Hybrid,PHEV,930,Germany
01-07-2026,2026,July,BMW,BMW X3 Plug-in Hybrid,PHEV,620,Germany
01-07-2026,2026,July,BMW,BMW X5 Plug-in Hybrid,PHEV,586,Germany
01-07-2026,2026,July,BMW,BMW i4,BEV,844,Germany
01-07-2026,2026,July,BMW,BMW i5,BEV,844,Germany
01-07-2026,2026,July,BMW,BMW i7,BEV,71,Germany
01-07-2026,2026,July,BMW,BMW iX,BEV,429,Germany
01-07-2026,2026,July,BMW,BMW iX1,BEV,2901,Germany
01-07-2026,2026,July,BMW,BMW iX3,BEV,13,Germany
01-08-2026,2026,August,BMW,BMW 3er Plug-in Hybrid,PHEV,372,Germany
01-08-2026,2026,August,BMW,BMW 5er Plug-in Hybrid,PHEV,637,Germany
01-08-2026,2026,August,BMW,BMW X1 Plug-in Hybrid,PHEV,687,Germany
01-08-2026,2026,August,BMW,BMW X3 Plug-in Hybrid,PHEV,919,Germany
01-08-2026,2026,August,BMW,BMW X5 Plug-in Hybrid,PHEV,465,Germany
01-08-2026,2026,August,BMW,BMW i4,BEV,681,Germany
01-08-2026,2026,August,BMW,BMW i5,BEV,681,Germany
01-08-2026,2026,August,BMW,BMW i7,BEV,51,Germany
01-08-2026,2026,August,BMW,BMW iX,BEV,280,Germany
01-08-2026,2026,August,BMW,BMW iX1,BEV,2449,Germany
01-08-2026,2026,August,BMW,BMW iX3,BEV,2,Germany
